﻿Source_PPT,SlideIndex,SelectionTitle,Title,Code,Title_short,Image_sub_url,Deci_Question,Next1_Code,Next2_Code,Image_web,Narr1_seed,Desc_Next1,Desc_Next2,Desi_Ques,Narr2_seed,Narr3_seed,UAP_Label,UAP_URL,Start_Here,Entity,Function,SubEntity,Exclude,FAQ_Loc, FAQ_File, FAQ_Label,Quiz_Loc, Quiz_File, Quiz_Label
SE_SLS_Enter_line_Opt2_251203_1402.pptx,1,| S000. Opening Slide for Sales Order Line Entry Deck,S000. Opening Slide for Sales Order Line Entry Deck,S000,Opening Slide for Sales Order Line Entry Deck,/images/LineEnt2/S000.png,,S001,,,Opening Slide for Sales Order Line Entry Deck,About Scott Electric and Welcome to Training,,,,S000. Opening Slide for Sales Order Line Entry Deck â€” this deck of slides or pictures is the quote to order process which is part of quote to cash Work Flow,,,Yes,SE,Distro,Sales,,outputs/faq,LineEnt2_FAQ.html,FAQ & Tips,,,
SE_SLS_Enter_line_Opt2_251203_1402.pptx,2,S001. About Scott Electric and Welcome to Training,S001. About Scott Electric and Welcome to Training,S001,About Scott Electric and Welcome to Training,/images/LineEnt2/S001.png,,S002,,,About Scott Electric and Welcome to Training,Quote to Cash Work Flow At SE Electrical Distribution,,,,"S001. About Scott Electric and Welcome to Training â€” Scott Electric is a leading independent wholesale electrical distributor, serving electrical, mechanical, and general contractors, industrial customers, government agencies, and retail partners. The company provides a broad range of electrical products, lighting, tools, and related services to support both day-to-day operations and long-term projects. Welcome to the Scott Electric Training Site_x000B_Welcome to the Scott Electric Training Site. This platform is designed to help you build the knowledge and skills needed to support our customers safely, accurately, and efficiently. Here you will find guided learning, reference materials, and role-based courses aligned with how we work every day â€” in sales, operations, service, administration, and support._x000B_Thank you for investing your time in training. Your commitment to learning and improvement is an important part of keeping Scott Electric strong, responsive, and customer-focused.",,,No,SE,Distro,Sales,,outputs/faq,LineEnt2_FAQ.html,FAQ & Tips,,,
SE_SLS_Enter_line_Opt2_251203_1402.pptx,3,S002.  Quote to Cash Work Flow At SE Electrical Distribution,S002. Quote to Cash Work Flow At SE Electrical Distribution,S002,Quote to Cash Work Flow At SE Electrical Distribution,/images/LineEnt2/S002.png,,S003,,,Quote to Cash Work Flow At SE Electrical Distribution,Pictorial representation of Quote to Cash,,,,S002. Quote to Cash Work Flow At SE Electrical Distribution â€” This site is a typical Quote to cache representation in what is called a workflow This outlines the various steps performed by various swim lanes if you will or functional groups and provides a overall picture of how we end up serving our customers and continuing to keep our creed of customer comes first,,,No,SE,Distro,Sales,,outputs/faq,LineEnt2_FAQ.html,FAQ & Tips,,,
SE_SLS_Enter_line_Opt2_251203_1402.pptx,4,S003.  Pictorial representation of  Quote to Cash  - At SE Electrical Distribution,S003. Pictorial representation of Quote to Cash - At SE Electrical Distribution,S003,Pictorial representation of Quote to Cash,/images/LineEnt2/S003.png,,M1,,,Pictorial representation of Quote to Cash,Sales Order Line Entry,,,,S003. Pictorial representation of Quote to Cash - At SE Electrical Distribution â€” This slide is aptly named The Pictorial Representation of Quote to Cash at Scott Electric the distribution business While this light is the precursor to the focused area of Quote to cache the picture shows how the various phases within that task is directly or indirectly affecting other components within the system for example an inventory is consumed the inventory has to be replenished and that is done by the procure to pay cycle Similarly because a sales occurred there has to be accounting for the sale and also at the end of the day collection of the payment against the invoice so hence that goes into the financial side of the impact now because inventory is being both consumed replenished and in some cases being procured and directly shipped to the customer that has a direct impact on how the inventory is managed within the system,,,No,SE,Distro,Sales,,outputs/faq,LineEnt2_FAQ.html,FAQ & Tips,,,
SE_SLS_Enter_line_Opt2_251203_1402.pptx,5,M1.  Sales Order  Line Entry - At SE Electrical Distribution,M1. Sales Order Line Entry - At SE Electrical Distribution,M1,Sales Order Line Entry,/images/LineEnt2/M1.png,,D1,,,Sales Order Line Entry,"A decision on whether the user want to enter lines using ""Easy"" entry",,,,"M1. Sales Order Line Entry - At SE Electrical Distribution â€” Use these instructions to enter a Stock Order (SO) for a customer. Select Sales > Entry > Order. Select Stock Order in the Order Type field. Complete the remaining fields on the page, and then click Next. Add line items. See Line entry modes. Click Taxes and Totals. Verify or complete the tax information. Apply any discounts or addons. Click Recalculate to update the order total. Optionally, click Freight Rate Shop to view shipping options. Click Collect Payment. Complete the payment information. If you are accepting a cash, check, or credit card payment, verify the journal settings and then click OK. Click Save to complete the order.",,,No,SE,Distro,Sales,,outputs/faq,LineEnt2_FAQ.html,FAQ & Tips,,,
SE_SLS_Enter_line_Opt2_251203_1402.pptx,6,D1.  A decision on  whether the user want to enter lines  using “Easy” entry - At SE Electrical Distribution,"D1. A decision on whether the user want to enter lines using ""Easy"" entry - At SE Electrical Distribution",D1,"A decision on whether the user want to enter lines using ""Easy"" entry",/images/LineEnt2/D1.png,,Y1,N1,,"A decision on whether the user want to enter lines using ""Easy"" entry",User has selected Easy entry,"No, the user is not using Easy line Entry","A decision on whether the user want to enter lines using ""Easy"" entry?",,D1. A decision on whether the user want to enter lines using â€œEasyâ€ entry - At SE Electrical Distribution â€” The user is about to enter the order lines and is faced with the decision on which order entry method best suits the current order Hence the question is asked would you like to use Easy order entry,,,No,SE,Distro,Sales,,outputs/faq,LineEnt2_FAQ.html,FAQ & Tips,,,
SE_SLS_Enter_line_Opt2_251203_1402.pptx,7,Y1.  User has selected  Easy entry - At SE Electrical Distribution,Y1. User has selected Easy entry - At SE Electrical Distribution,Y1,User has selected Easy entry,/images/LineEnt2/Y1.png,,S1,,,User has selected Easy entry,Easy Line entry Selected,,,,"Y1. User has selected Easy entry â€” User has opted to use the easy line entry Easy Use this mode to conduct a global search for a product. You can use values such as cross-reference values and the product description to search a product. You can add a single line item or multiple line items to the order in this mode. If you specify a price before dropping the line to the grid, it is treated as a price override. The price that is entered is used regardless of what is set up on the Product Setup or Product Warehouse Product Setup record. Note: Pricing logic is not initiated when you select products in Easy Line Entry mode. If you use PD Pricing Setup records to set pricing and discounts for most of your products, you can enable alerts about products with associated PD records. Select the Check for Non-Standard Products in Easy and Quick Line Entry option in Sales Order Entry-Order Entry Defaults.",,,No,SE,Distro,Sales,,outputs/faq,LineEnt2_FAQ.html,FAQ & Tips,,,
SE_SLS_Enter_line_Opt2_251203_1402.pptx,8,S1. Easy Line entry Selected- At SE Electrical Distribution,S1. Easy Line entry Selected- At SE Electrical Distribution,S1,Easy Line entry Selected,/images/LineEnt2/S1.png,,S2,,,Easy Line entry Selected,Search Products to add,,,,"S1. Easy Line entry Selected- â€” Easy Use this mode to conduct a global search for a product. You can use values such as cross-reference values and the product description to search a product. You can add a single line item or multiple line items to the order in this mode. If you specify a price before dropping the line to the grid, it is treated as a price override. The price that is entered is used regardless of what is set up on the Product Setup or Product Warehouse Product Setup record. Note: Pricing logic is not initiated when you select products in Easy Line Entry mode. If you use PD Pricing Setup records to set pricing and discounts for most of your products, you can enable alerts about products with associated PD records. Select the Check for Non-Standard Products in Easy and Quick Line Entry option in Sales Order Entry-Order Entry Defaults. some things to note about easy line entry The price that is displayed is based on product records. You can select Check for Non-Standard Products in Easy and Quick Line Entry in Sales Order Entry-Order Entry Defaults to receive alerts about promotional products that are set up in PD Pricing Setup and other non-standard and restricted products. Hold your mouse over the warning or error icon to view messages. You cannot add products with errors to the order.",13_Add Items Using Easy Line Entry,https://scottelectricusa.uap.infor.com/#/content/7969a0f7-c09a-48bf-b76a-6a81b23472b0?contextId=d8a3b962-08bf-4d5f-bdaa-cd31b1159dc8,No,SE,Distro,Sales,,outputs/faq,LineEnt2_FAQ.html,FAQ & Tips,,,
SE_SLS_Enter_line_Opt2_251203_1402.pptx,9,S2. Search Products to add - At SE Electrical Distribution,S2. Search Products to add - At SE Electrical Distribution,S2,Search Products to add,/images/LineEnt2/S2.png,,S3,,,Search Products to add,Enter the Quantity required,,,,"S2. Search Products to add - â€” During line entry products are searched in the easy mode the search option is Product and within that typing a few characters from the product will bring up matching list and will show you the quantity on hand under :in stock""",01_Product Inquiry,https://scottelectricusa.uap.infor.com/#/content/8d450b15-6b66-418a-839f-22628f8d8ca3?contextId=131788f7-2931-41c6-8ef3-a61b879b71f9,No,SE,Distro,Sales,,outputs/faq,LineEnt2_FAQ.html,FAQ & Tips,,,
SE_SLS_Enter_line_Opt2_251203_1402.pptx,10,S3. Enter the Quantity required - At SE Electrical Distribution,S3. Enter the Quantity required - At SE Electrical Distribution,S3,Enter the Quantity required,/images/LineEnt2/S3.png,,S4,,,Enter the Quantity required,Add additional product to Sales order,,,,S3. Enter the Quantity required â€” Before entering the quantity ensure that the product is available so the delivery requirements of the customer are met,,,No,SE,Distro,Sales,,outputs/faq,LineEnt2_FAQ.html,FAQ & Tips,,,
SE_SLS_Enter_line_Opt2_251203_1402.pptx,11,S4. Add additional product to Sales order - At SE Electrical Distribution,S4. Add additional product to Sales order - At SE Electrical Distribution,S4,Add additional product to Sales order,/images/LineEnt2/S4.png,,D2,,,Add additional product to Sales order,"A decision on whether the user want to enter lines using ""Shopping List"" entry",,,,S4. Add additional product to Sales order â€” by searching for it and ading after entering the qualtitiy,13_Add Items Using Easy Line Entry,https://scottelectricusa.uap.infor.com/#/content/7969a0f7-c09a-48bf-b76a-6a81b23472b0?contextId=d8a3b962-08bf-4d5f-bdaa-cd31b1159dc8,No,SE,Distro,Sales,,outputs/faq,LineEnt2_FAQ.html,FAQ & Tips,,,
SE_SLS_Enter_line_Opt2_251203_1402.pptx,12,D2. A decision on  whether the user want to enter lines  using “Shopping List” entry - At SE Electrical Distribution,"D2. A decision on whether the user want to enter lines using ""Shopping List"" entry - At SE Electrical Distribution",D2,"A decision on whether the user want to enter lines using ""Shopping List"" entry",/images/LineEnt2/D2.png,,Y2,N2,,"A decision on whether the user want to enter lines using ""Shopping List"" entry","Yes, Line entry using shopping list is being used","No, the user is not using ""Shopping List"" Entry","A decision on whether the user want to enter lines using ""Shopping List"" entry?",,D2. A decision on whether the user want to enter lines using â€œShopping Listâ€ entry â€” The user has chosen not to use the easy entry and is now asked if they would lie to use a shopping list,,,No,SE,Distro,Sales,,outputs/faq,LineEnt2_FAQ.html,FAQ & Tips,,,
SE_SLS_Enter_line_Opt2_251203_1402.pptx,13,"Y2. Yes, Line entry using shopping list is being used - At SE Electrical Distribution","Y2. Yes, Line entry using shopping list is being used - At SE Electrical Distribution",Y2,"Yes, Line entry using shopping list is being used",/images/LineEnt2/Y2.png,,S5,,,"Yes, Line entry using shopping list is being used",Shopping List Entry,,,,"Y2. Yes, Line entry using shopping list is being used â€” the user has chosen to use a ""Shopping list "" Method of entry",,,No,SE,Distro,Sales,,outputs/faq,LineEnt2_FAQ.html,FAQ & Tips,,,
SE_SLS_Enter_line_Opt2_251203_1402.pptx,14,S5. Shopping List Entry  - At SE Electrical Distribution,S5. Shopping List Entry - At SE Electrical Distribution,S5,Shopping List Entry,/images/LineEnt2/S5.png,,S6,,,Shopping List Entry,select shopping list type,,,,"S5. Shopping List Entry â€” ou can access the Shopping List feature from Line Entry menu in Sales Order Entry-Select Products. You can create a Shopping List that is based on promotional products, past sales, previous orders, product lists, and Infor CPQ product configurations. Promotional products are based on pricing records in PD Pricing Setup. Past sales and previous orders are based on the customer's transaction history. Product lists are set up in Product List Setup. Product lists are often used to sell slow-moving products or overstocked products. Products configured in CPQ can be returned as individual shopping list components. Use the Shopping List function to perform these actions: Select products from a customerâ€™s ordering history within a month/year range. Select products that are listed in the ordering history and automatically batch load the products into the sales order as separate line items. Select products from a list of specific previous orders or from a specific product list. Use the Shopping List to show a list with these elements: All of the products a customer has ordered in the last two months The last quantity ordered for each product The last price that was given for each product Past sales totals for products by month You can select individual products from the Shopping List to add to the order, or add all products from the Shopping List to the order. You can change the quantity to order for each product.",01_Review the Shopping List,https://scottelectricusa.uap.infor.com/#/content/3b861bdc-d798-4398-93df-90c128af60bc?contextId=4c116798-abf1-4daf-b5d8-d2d249ecdaf2,No,SE,Distro,Sales,,outputs/faq,LineEnt2_FAQ.html,FAQ & Tips,,,
SE_SLS_Enter_line_Opt2_251203_1402.pptx,15,S6. select shopping list type  - At SE Electrical Distribution,S6. select shopping list type - At SE Electrical Distribution,S6,select shopping list type,/images/LineEnt2/S6.png,,S7,,,select shopping list type,Enter List Criteria,,,,"S6. select shopping list type â€” Promotional Products shopping list Promotional products are products that are on sale at a special price or discount for a limited time. Promotional pricing records are set up in PD Pricing Setup at either the product or product price type level. When you add the product to the customerâ€™s order, the price is obtained from PD Pricing Setup. The promotional price is then charged to the customer. You can view pricing detail in the Pricing view in the Add Line Item section of Sales Order Entry. To view all current promotions, select the Shopping List option and then click Promotional Products. Recalling a large number of records can affect your systemâ€™s performance. To minimize the number of records to sort through, specify the maximum number of records to display. You can also filter the records that are displayed in Customer Order Pad Filter Setup to view only specific customers, customer types, and product categories. When filters are defined, those particular records are not displayed in the Shopping List. When you select to automatically launch this style, each time the Shopping List is accessed, promotional pricing is launched. If you clear the Automatically Launch This Style option, you can select from the different styles available. Past Sales shopping list You can select products from a list of products that the customer has purchased previously by selecting Past Sales. Specify a range of months and the number of product records to recall for the Shopping List. You can also include past sales for these types of products: Nonstocks products Products that were sold from the warehouse on the order to the customer on the order and the customer's ship tos. Products that were sold to the customer or ship to on the order from any warehouse. The recommended quantity for the products in the Shopping List is based on the first order found. To see past sales information as monthly totals, use the Past Sales window. Previous Orders shopping list Customers often order the same product repeatedly, or duplicate entire orders. The Previous Orders function lets you import product from up to 10 past orders into the current Shopping List. These orders can originate from any customer account. Because your pricing might have changed since the original order was shipped, you can have the system re-price the products or retain the original pricing. The recommended quantity is based on the first order found. Product List shopping list Product lists are user-defined lists of product set up in Product List Setup. Sales personnel or inbound call centers use these lists primarily to promote product sales on slow-moving products or overstocked products to their customers. If you use a Product List, select the Product List Type and specify the number of products you want to recall. The product list is then moved into your current Shopping List. The recommended quantity is based on the product list.",,,No,SE,Distro,Sales,,outputs/faq,LineEnt2_FAQ.html,FAQ & Tips,,,
SE_SLS_Enter_line_Opt2_251203_1402.pptx,16,S7. Enter List Criteria  - At SE Electrical Distribution,S7. Enter List Criteria - At SE Electrical Distribution,S7,Enter List Criteria,/images/LineEnt2/S7.png,,S8,,,Enter List Criteria,Enter Quantity,,,,"S7. Enter List Criteria â€” The ordering history information is from the SM Extended Totals Warehouse/Product by Customer Report. The information contained in this file is automatically updated each time Sales Entry Processing Invoice Processing Report is generated, if the Customer, Product Category by Warehouse options are selected in SA Administrator Options-Sales History-Levels. The Update Sales Manager option must also be selected in Sales Entry Processing Invoice Processing Report. You can filter the ordering history information by setting up records in Customer Order Pad Filter Setup for specific customers or customer types and product categories. When you set up a customer or customer type with product categories in Customer Order Pad Filter Setup, those product categories are not displayed when you use the Shopping List.",,,No,SE,Distro,Sales,,outputs/faq,LineEnt2_FAQ.html,FAQ & Tips,,,
SE_SLS_Enter_line_Opt2_251203_1402.pptx,17,S8. Enter Quantity - At SE Electrical Distribution,S8. Enter Quantity - At SE Electrical Distribution,S8,Enter Quantity,/images/LineEnt2/S8.png,,S9,,,Enter Quantity,Add additional products to the list,,,,S8. Enter Quantity â€” Before entering the quantity ensure that the product is available so the delivery requirements of the customer are met,,,No,SE,Distro,Sales,,outputs/faq,LineEnt2_FAQ.html,FAQ & Tips,,,
SE_SLS_Enter_line_Opt2_251203_1402.pptx,18,S9. Add  additional products to the list - At SE Electrical Distribution,S9. Add additional products to the list - At SE Electrical Distribution,S9,Add additional products to the list,/images/LineEnt2/S9.png,,D3,,,Add additional products to the list,"A decision on to enter line items using ""Quick"" entry needs to be taken",,,,S9. Add additional products to the list â€” by searching for it and ading after entering the qualtitiy or from other shopiing lists,13-Copy Customer Sales Order,https://scottelectricusa.uap.infor.com/#/content/7c48240e-5e1d-4c52-98a3-b2c080251b5b?contextId=4c116798-abf1-4daf-b5d8-d2d249ecdaf2,No,SE,Distro,Sales,,outputs/faq,LineEnt2_FAQ.html,FAQ & Tips,,,
SE_SLS_Enter_line_Opt2_251203_1402.pptx,19,D3.  A decision on  to enter line items using “Quick” entry  needs to be taken - At SE Electrical Distribution,"D3. A decision on to enter line items using ""Quick"" entry needs to be taken - At SE Electrical Distribution",D3,"A decision on to enter line items using ""Quick"" entry needs to be taken",/images/LineEnt2/D3.png,,Y3,N3,,"A decision on to enter line items using ""Quick"" entry needs to be taken","Yes, Quick line entry was selected","No, the user is not using ""Quick Line"" Entry","A decision on to enter line items using ""Quick"" entry needs to be taken?",,D3. A decision on to enter line items using â€œQuickâ€ entry needs to be taken â€” The user chose not use the Easy entry or the Shopping list entry methods so has ot decide if they would like to enter using the quick entry,,,No,SE,Distro,Sales,,outputs/faq,LineEnt2_FAQ.html,FAQ & Tips,,,
SE_SLS_Enter_line_Opt2_251203_1402.pptx,20,"Y3. Yes, Quick line entry was selected - At SE Electrical Distribution","Y3. Yes, Quick line entry was selected - At SE Electrical Distribution",Y3,"Yes, Quick line entry was selected",/images/LineEnt2/Y3.png,,S10,,,"Yes, Quick line entry was selected",Quick line entry,,,,"Y3. Yes, Quick line entry was selected â€” The user has opted to use quick line entry The user should note Note: Pricing logic is not initiated when you select products in Quick Line Entry mode. If you use PD Pricing Setup records to set pricing and discounts for most of your products, you can enable alerts about products with associated PD records. Select the Check for Non-Standard Products in Easy and Quick Line Entry option in Sales Order Entry-Order Entry Defaults.",,,No,SE,Distro,Sales,,outputs/faq,LineEnt2_FAQ.html,FAQ & Tips,,,
SE_SLS_Enter_line_Opt2_251203_1402.pptx,21,S10. Quick line entry  - At SE Electrical Distribution,S10. Quick line entry - At SE Electrical Distribution,S10,Quick line entry,/images/LineEnt2/S10.png,,S11,,,Quick line entry,Enter Product Number,,,,"S10. Quick line entry â€” Quick Select Sales > Entry > Order. Specify the required information on the Initiate page, and then click Next. Select Line Entry > Quick. Specify the quantity. Specify the product. Click Add. Optionally, change the price or unit. Add additional products to the grid. Click Add Lines to add the lines in the grid to the order. Finish the order. Use this mode to add multiple lines to an order simultaneously. Quick line entry requires fewer steps and processing time than single line entry. Use this method if you use a scanner to enter products on the order. Note: Pricing logic is not initiated when you select products in Quick Line Entry mode. If you use PD Pricing Setup records to set pricing and discounts for most of your products, you can enable alerts about products with associated PD records. Select the Check for Non-Standard Products in Easy and Quick Line Entry option in Sales Order Entry-Order Entry Defaults.",Enter using Quick line Entry (No UAP),,No,SE,Distro,Sales,,outputs/faq,LineEnt2_FAQ.html,FAQ & Tips,,,
SE_SLS_Enter_line_Opt2_251203_1402.pptx,22,S11. Enter Product Number - At SE Electrical Distribution,S11. Enter Product Number - At SE Electrical Distribution,S11,Enter Product Number,/images/LineEnt2/S11.png,,S12,,,Enter Product Number,Enter Quantity required,,,,"S11. Enter Product Number â€” During line entry products are searched in the easy mode the search option is Product and within that typing a few characters from the product will bring up matching list and will show you the quantity on hand under :in stock""",,,No,SE,Distro,Sales,,outputs/faq,LineEnt2_FAQ.html,FAQ & Tips,,,
SE_SLS_Enter_line_Opt2_251203_1402.pptx,23,S12. Enter Quantity required  - At SE Electrical Distribution,S12. Enter Quantity required - At SE Electrical Distribution,S12,Enter Quantity required,/images/LineEnt2/S12.png,,S13,,,Enter Quantity required,Enter Price Optional as system would offer best price for the customer,,,,S12. Enter Quantity required â€” Before entering the quantity ensure that the product is available so the delivery requirements of the customer are met,,,No,SE,Distro,Sales,,outputs/faq,LineEnt2_FAQ.html,FAQ & Tips,,,
SE_SLS_Enter_line_Opt2_251203_1402.pptx,24,S13. Enter Price  Optional as system would offer best price for the customer- At SE Electrical Distribution,S13. Enter Price Optional as system would offer best price for the customer- At SE Electrical Distribution,S13,Enter Price Optional as system would offer best price for the customer,/images/LineEnt2/S13.png,,D4,,,Enter Price Optional as system would offer best price for the customer,Last product?,,,,S13. Enter Price Optional as system would offer best price for the customer- â€” Price over ride should be an,,,No,SE,Distro,Sales,,outputs/faq,LineEnt2_FAQ.html,FAQ & Tips,,,
SE_SLS_Enter_line_Opt2_251203_1402.pptx,25,D4. Last product? - At SE Electrical Distribution,D4. Last product? - At SE Electrical Distribution,D4,Last product?,/images/LineEnt2/D4.png,,Y4,N4,,Last product?,"Yes, No more products to enter","No, This is not the last item requested by the customer",Last product?,,D4. Last product? â€” The user needs to check if this is the last line on the order if so suitable actions need to be taken if not another line would be added,,,No,SE,Distro,Sales,,outputs/faq,LineEnt2_FAQ.html,FAQ & Tips,,,
SE_SLS_Enter_line_Opt2_251203_1402.pptx,26,"Y4. Yes, No more products to enter - At SE Electrical Distribution","Y4. Yes, No more products to enter - At SE Electrical Distribution",Y4,"Yes, No more products to enter",/images/LineEnt2/Y4.png,,S14,,,"Yes, No more products to enter",Add Quick List lines,,,,"Y4. Yes, No more products to enter â€” Yes there are no more products to be added as per this selection by the user",,,No,SE,Distro,Sales,,outputs/faq,LineEnt2_FAQ.html,FAQ & Tips,,,
SE_SLS_Enter_line_Opt2_251203_1402.pptx,27,S14.  Add Quick List lines  - At SE Electrical Distribution,S14. Add Quick List lines - At SE Electrical Distribution,S14,Add Quick List lines,/images/LineEnt2/S14.png,,N1,,,Add Quick List lines,"No, the user is not using Easy line Entry",,,,"S14. Add Quick List lines â€” Quick Use this mode to add multiple lines to an order simultaneously. Quick line entry requires fewer steps and processing time than single line entry. Use this method if you use a scanner to enter products on the order. Note: Pricing logic is not initiated when you select products in Quick Line Entry mode. If you use PD Pricing Setup records to set pricing and discounts for most of your products, you can enable alerts about products with associated PD records. Select the Check for Non-Standard Products in Easy and Quick Line Entry option in Sales Order Entry-Order Entry Defaults.",Add quick lists (No UAP),,No,SE,Distro,Sales,,outputs/faq,LineEnt2_FAQ.html,FAQ & Tips,,,
SE_SLS_Enter_line_Opt2_251203_1402.pptx,28,"N1. No, the user is not using Easy line Entry - At SE Electrical Distribution","N1. No, the user is not using Easy line Entry - At SE Electrical Distribution",N1,"No, the user is not using Easy line Entry",/images/LineEnt2/N1.png,,N2,,,"No, the user is not using Easy line Entry","No, the user is not using ""Shopping List"" Entry",,,,"N1. No, the user is not using Easy line Entry â€” No the user has chosen not to use the quick line entry hence would move to the next decsion point",,,No,SE,Distro,Sales,,outputs/faq,LineEnt2_FAQ.html,FAQ & Tips,,,
SE_SLS_Enter_line_Opt2_251203_1402.pptx,29,"N2. No, the user is not using “Shopping List” Entry - At SE Electrical Distribution","N2. No, the user is not using ""Shopping List"" Entry - At SE Electrical Distribution",N2,"No, the user is not using ""Shopping List"" Entry",/images/LineEnt2/N2.png,,N3,,,"No, the user is not using ""Shopping List"" Entry","No, the user is not using ""Quick Line"" Entry",,,,"N2. No, the user is not using â€œShopping Listâ€ Entry â€” No the user is not using a Shopping list and so would have to move to the next decision point",,,No,SE,Distro,Sales,,outputs/faq,LineEnt2_FAQ.html,FAQ & Tips,,,
SE_SLS_Enter_line_Opt2_251203_1402.pptx,30,"N3. No, the user is not using “Quick Line” Entry - At SE Electrical Distribution","N3. No, the user is not using ""Quick Line"" Entry - At SE Electrical Distribution",N3,"No, the user is not using ""Quick Line"" Entry",/images/LineEnt2/N3.png,,S15,,,"No, the user is not using ""Quick Line"" Entry",Advanced line entry selected,,,,"N3. No, the user is not using â€œQuick Lineâ€ Entry â€” No the user is not using a quick line entry method and hence has to move to the next decsion block",,,No,SE,Distro,Sales,,outputs/faq,LineEnt2_FAQ.html,FAQ & Tips,,,
SE_SLS_Enter_line_Opt2_251203_1402.pptx,31,S15. Advanced line entry selected  - At SE Electrical Distribution,S15. Advanced line entry selected - At SE Electrical Distribution,S15,Advanced line entry selected,/images/LineEnt2/S15.png,,S16,,,Advanced line entry selected,Enter Product Info,,,,"S15. Advanced line entry selected â€” Advanced Use this mode to add a single line item to the order. In this mode, you can specify additional information that may be required for processing, such as sourcing, serial or lot number assignment, or pricing changes. Values for the line item that may differ from the order, such as Promise Date and Rush status, are available in the Extended Fields section. You can also use this mode to add a printed or internal comment to the line. All line entry modes in Sales Order Entry are available, with these exceptions: On Correction orders, only the Advanced and Return Multiple modes are available. On Direct Orders,only the Advanced mode is available. If you specify a product on a line and click Finish before you add the line to the order, these events occur: The line is added to the order. The order is completed.",,,No,SE,Distro,Sales,,outputs/faq,LineEnt2_FAQ.html,FAQ & Tips,,,
SE_SLS_Enter_line_Opt2_251203_1402.pptx,32,S16. Enter Product Info  - At SE Electrical Distribution,S16. Enter Product Info - At SE Electrical Distribution,S16,Enter Product Info,/images/LineEnt2/S16.png,,D5,,,Enter Product Info,Was Product found ?,,,,S16. Enter Product Info,,,No,SE,Distro,Sales,,outputs/faq,LineEnt2_FAQ.html,FAQ & Tips,,,
SE_SLS_Enter_line_Opt2_251203_1402.pptx,33,D5. Was Product found ?- At SE Electrical Distribution,D5. Was Product found ?- At SE Electrical Distribution,D5,Was Product found ?,/images/LineEnt2/D5.png,,Y5,N5,,Was Product found ?,"Yes, Product was found","No, Product was not found",Was Product found ?,,D5. Was Product found ? â€” The product requested by the customer in not found in the system Even though items are constantly added to the catalog from lists provided by the manufacturer some times products may still be not defined hence this decision has to be made,,,No,SE,Distro,Sales,,outputs/faq,LineEnt2_FAQ.html,FAQ & Tips,,,
SE_SLS_Enter_line_Opt2_251203_1402.pptx,34,"Y5. Yes, Product was found - At SE Electrical Distribution","Y5. Yes, Product was found - At SE Electrical Distribution",Y5,"Yes, Product was found",/images/LineEnt2/Y5.png,,S17,,,"Yes, Product was found",Product Selected,,,,"Y5. Yes, Product was found â€” Yes product was found",,,No,SE,Distro,Sales,,outputs/faq,LineEnt2_FAQ.html,FAQ & Tips,,,
SE_SLS_Enter_line_Opt2_251203_1402.pptx,35,S17. Product Selected - At SE Electrical Distribution,S17. Product Selected - At SE Electrical Distribution,S17,Product Selected,/images/LineEnt2/S17.png,,S18,,,Product Selected,Enter Qty /UOM,,,,S17. Accept Product â€” Since the product matching the requirement was found the appropriate action can now be taken,,,No,SE,Distro,Sales,,outputs/faq,LineEnt2_FAQ.html,FAQ & Tips,,,
SE_SLS_Enter_line_Opt2_251203_1402.pptx,36,S18.  Enter Qty /UOM - At SE Electrical Distribution,S18. Enter Qty /UOM - At SE Electrical Distribution,S18,Enter Qty /UOM,/images/LineEnt2/S18.png,,D6,,,Enter Qty /UOM,Is this a Build on Demand Product?,,,,S18. Enter Qty /uom â€” Enter the quantity and unit of issue,,,No,SE,Distro,Sales,,outputs/faq,LineEnt2_FAQ.html,FAQ & Tips,,,
SE_SLS_Enter_line_Opt2_251203_1402.pptx,37,D6. Is this a Build on Demand Product? - At SE Electrical Distribution,D6. Is this a Build on Demand Product? - At SE Electrical Distribution,D6,Is this a Build on Demand Product?,/images/LineEnt2/D6.png,,Y6,N6,,Is this a Build on Demand Product?,"Yes, it is a build on Demand Product","No, It is not a Build on demand Product",Is this a Build on Demand Product?,,D6. Is this a Build on Demand Product? â€” A decision needs to be taken if the item selected is a Build on demand kit product,,,No,SE,Distro,Sales,,outputs/faq,LineEnt2_FAQ.html,FAQ & Tips,,,
SE_SLS_Enter_line_Opt2_251203_1402.pptx,38,"Y6. Yes, it is a build on Demand Product - At SE Electrical Distribution","Y6. Yes, it is a build on Demand Product - At SE Electrical Distribution",Y6,"Yes, it is a build on Demand Product",/images/LineEnt2/Y6.png,,S19,,,"Yes, it is a build on Demand Product",Create Add Kit Components,,,,Y6. Yes it is a build on Demand Product â€” It is identified as a kit product,,,No,SE,Distro,Sales,,outputs/faq,LineEnt2_FAQ.html,FAQ & Tips,,,
SE_SLS_Enter_line_Opt2_251203_1402.pptx,39,S19. Create Add Kit Components - At SE Electrical Distribution,S19. Create Add Kit Components - At SE Electrical Distribution,S19,Create Add Kit Components,/images/LineEnt2/S19.png,,S21,,,Create Add Kit Components,Confirm Pricing,,,,"S19. Create Add Kit Components â€” In Sales Order Entry, you can source single or multiple components for build-on-demand (BOD) or nonstock kits. You can tie a stock or nonstock component line to a purchase order or warehouse transfer, including a direct order. If a component of the prebuilt kit is another prebuilt kit, then you can tie the component kit to a work order. Kit component sourcing is initiated on the Kits page in Advanced Line Entry. You can source one or more components from the Multi-Comp Sourcing page. You can also source a component when you add a component to a kit. If you create a fabricated kit in Sales Order Entry, then you must source the components in KP Work Order Center Entry. Ties are only created if the quantity ordered is less than the quantity reserved. To create a tie for a component that has the full quantity reserved, add the kit to the sales order without sourcing the component. Then, in the Kit Details section for the component, change the reserved amount for component to less than the quantity needed before creating the tie. The tie is created for the quantity ordered less the quantity reserved. Note: You cannot delete a component that is tied to a source document from a sales order. Use these instructions to create a tie for one or more components: Create a stock order. In Advanced Line Entry, specify the BOD or nonstock kit in the Product field, and then specify the quantity. Click Kits. Select one or more components to tie to a sourcing document, and then click Multi-Comp Sourcing. Specify the product source. Complete the remaining fields for the selected product source. When you are sourcing a single component, the ARP vendor or warehouse is displayed. When you are sourcing multiple components, the ARP vendor or warehouse is not displayed because the ARP for each component can be different. Click Submit, and then click the left arrow to return to Advanced Line Entry. Click Add to add the line to the order. . Finish the order.",17-Enter Sales Order for Kits,https://scottelectricusa.uap.infor.com/#/content/ed322c6e-5326-45be-9e40-5deb9164b1ea?contextId=4c116798-abf1-4daf-b5d8-d2d249ecdaf2,No,SE,Distro,Sales,,outputs/faq,LineEnt2_FAQ.html,FAQ & Tips,,,
SE_SLS_Enter_line_Opt2_251203_1402.pptx,40,S21. Confirm Pricing - At SE Electrical Distribution,S21. Confirm Pricing - At SE Electrical Distribution,S21,Confirm Pricing,/images/LineEnt2/S21.png,,S22,,,Confirm Pricing,Add lines to sales order,,,,"S21. Confirm Pricing â€” Selling products for highest price paid If a customer places an order for a product and has historically paid a higher price than the price that defaults in Sales Order Entry, you can set system options to force the higher price for that product and customer. This ensures that the customer is not offered the product at a price less than they are accustomed to paying, and you receive the highest margin on the sale. This may also encourage customers to agree to a contract price to receive a better price in the future. To implement the Highest Price Paid pricing search, you must set two options in SA Administrator Options-Documents-Sales Orders: Months History and Exclude Level 2. These options define the number of months of sales history to search for the highest price, and whether to exclude Price Type Level 2 sales in the search. The Highest Price Paid search is not conducted if the original default price was determined using a contract price. A contract price is a Price Type level 1 (Customer/Product) PD Pricing Setup record. The contract price is not changed by the Highest Price Paid search. Additionally, if you use Price Type level 2 pricing records (Cust/Prod Price Type, Cust/Prod Line, Cust/Prod Cat, or Cust/Rebate Type), and the Exclude Level 2 option is selected, any prices that originally default on the sales order line using level 2 pricing records are not overridden by the highest price paid. If you use promotional pricing, you still have the option to choose between the promotional price and non-promotional price. The non-promotional price reflects the highest price, if it applies. If you do not have permission to select a promotional price (the Access Promo Price in OE option in SA Operator Setup-Entry Options is not selected), the Promo Price Default selection in SA Administrator Options-Documents-Sales Orders determines the price to use: Lowest, Promo, or Regular. This automatic selection may result in the promo price instead of the highest price being selected. You can override contractual level pricing with multiple level price search. This pricing search can conflict with the Highest Price Paid search. We recommend you select one method or the other, not both. When a sales order line price is replaced with a higher price by this search, the order number, suffix, and line number are stored on the new order line. In addition, the Price Origin Code is set to â€œHâ€. This code is displayed in Sales Order Inquiry and Sales Customer Pricing Inquiry. To prevent the highest price search in Sales Customer Pricing Inquiry, select Return/Ignore Highest Price. Run the Sales Order Master List Report to see the Highest Price Order and Line that affected the Highest Price calculation. This is printed under the Original System Line Data section.",,,No,SE,Distro,Sales,,outputs/faq,LineEnt2_FAQ.html,FAQ & Tips,,,
SE_SLS_Enter_line_Opt2_251203_1402.pptx,41,S22. Add lines to sales order - At SE Electrical Distribution,S22. Add lines to sales order - At SE Electrical Distribution,S22,Add lines to sales order,/images/LineEnt2/S22.png,,N4,,,Add lines to sales order,"No, This is not the last item requested by the customer",,,,S22. Add lines to sales order â€” Add more lines using one of the methods discussed,,,No,SE,Distro,Sales,,outputs/faq,LineEnt2_FAQ.html,FAQ & Tips,,,
SE_SLS_Enter_line_Opt2_251203_1402.pptx,42,"N4. No, This is not the last item  requested by the customer - At SE Electrical Distribution","N4. No, This is not the last item requested by the customer - At SE Electrical Distribution",N4,"No, This is not the last item requested by the customer",/images/LineEnt2/N4.png,,N6,,,"No, This is not the last item requested by the customer","No, It is not a Build on demand Product",,,,"N4. No, More products need to be entered â€” No, More products need to be entered",,,No,SE,Distro,Sales,,outputs/faq,LineEnt2_FAQ.html,FAQ & Tips,,,
SE_SLS_Enter_line_Opt2_251203_1402.pptx,43,"N6. No, It is not a Build on demand Product - At SE Electrical Distribution","N6. No, It is not a Build on demand Product - At SE Electrical Distribution",N6,"No, It is not a Build on demand Product",/images/LineEnt2/N6.png,,S21,,,"No, It is not a Build on demand Product",Confirm Pricing,,,,"N6. No, It is not a Build on demand Product â€” No this is not a build on demand product hence can follow the standard path chosen for line entry",,,No,SE,Distro,Sales,,outputs/faq,LineEnt2_FAQ.html,FAQ & Tips,,,
SE_SLS_Enter_line_Opt2_251203_1402.pptx,44,S21. Confirm Pricing - At SE Electrical Distribution,S21. Confirm Pricing - At SE Electrical Distribution,S21,Confirm Pricing,/images/LineEnt2/S21.png,,S22,,,Confirm Pricing,Add lines to sales order,,,,"S21. Confirm Pricing â€” Selling products for highest price paid If a customer places an order for a product and has historically paid a higher price than the price that defaults in Sales Order Entry, you can set system options to force the higher price for that product and customer. This ensures that the customer is not offered the product at a price less than they are accustomed to paying, and you receive the highest margin on the sale. This may also encourage customers to agree to a contract price to receive a better price in the future. To implement the Highest Price Paid pricing search, you must set two options in SA Administrator Options-Documents-Sales Orders: Months History and Exclude Level 2. These options define the number of months of sales history to search for the highest price, and whether to exclude Price Type Level 2 sales in the search. The Highest Price Paid search is not conducted if the original default price was determined using a contract price. A contract price is a Price Type level 1 (Customer/Product) PD Pricing Setup record. The contract price is not changed by the Highest Price Paid search. Additionally, if you use Price Type level 2 pricing records (Cust/Prod Price Type, Cust/Prod Line, Cust/Prod Cat, or Cust/Rebate Type), and the Exclude Level 2 option is selected, any prices that originally default on the sales order line using level 2 pricing records are not overridden by the highest price paid. If you use promotional pricing, you still have the option to choose between the promotional price and non-promotional price. The non-promotional price reflects the highest price, if it applies. If you do not have permission to select a promotional price (the Access Promo Price in OE option in SA Operator Setup-Entry Options is not selected), the Promo Price Default selection in SA Administrator Options-Documents-Sales Orders determines the price to use: Lowest, Promo, or Regular. This automatic selection may result in the promo price instead of the highest price being selected. You can override contractual level pricing with multiple level price search. This pricing search can conflict with the Highest Price Paid search. We recommend you select one method or the other, not both. When a sales order line price is replaced with a higher price by this search, the order number, suffix, and line number are stored on the new order line. In addition, the Price Origin Code is set to â€œHâ€. This code is displayed in Sales Order Inquiry and Sales Customer Pricing Inquiry. To prevent the highest price search in Sales Customer Pricing Inquiry, select Return/Ignore Highest Price. Run the Sales Order Master List Report to see the Highest Price Order and Line that affected the Highest Price calculation. This is printed under the Original System Line Data section.",,,No,SE,Distro,Sales,,outputs/faq,LineEnt2_FAQ.html,FAQ & Tips,,,
SE_SLS_Enter_line_Opt2_251203_1402.pptx,45,S22. Add lines to sales order - At SE Electrical Distribution,S22. Add lines to sales order - At SE Electrical Distribution,S22,Add lines to sales order,/images/LineEnt2/S22.png,,N5,,,Add lines to sales order,"No, Product was not found",,,,S22. Add lines to sales order â€” Add more lines using one of the methods discussed,,,No,SE,Distro,Sales,,outputs/faq,LineEnt2_FAQ.html,FAQ & Tips,,,
SE_SLS_Enter_line_Opt2_251203_1402.pptx,46,"N5. No, Product was not found - At SE Electrical Distribution","N5. No, Product was not found - At SE Electrical Distribution",N5,"No, Product was not found",/images/LineEnt2/N5.png,,S20,,,"No, Product was not found",Create Non,,,,"N5. No, Product was not found â€” No the product was not found hence a Non stock item would have to be created using the SE specific rules",,,No,SE,Distro,Sales,,outputs/faq,LineEnt2_FAQ.html,FAQ & Tips,,,
SE_SLS_Enter_line_Opt2_251203_1402.pptx,47,S20. Create Non-Stock Product - At SE Electrical Distribution,S20. Create Non-Stock Product - At SE Electrical Distribution,S20,Create Non,/images/LineEnt2/S20.png,,S999,,,Create Non,You have successfully completed this SOP,,,,"S20. Create Non-Stock Product â€” Create a non stock product if the user is authorized to do should follow the following steps Use these instructions to create an order for a product that your warehouse does not stock. You can enter a nonstock product if Yes is selected for Allow Entry of Non-Stocks on your SA Operator Setup record. Use these instructions to create an order for a product that your warehouse does not stock. You can enter a nonstock product if Yes is selected for Allow Entry of Non-Stocks on your SA Operator Setup record. Select Sales > Entry > Order. Create or maintain an order. In Advanced Line Entry, select Non-Stock in the Line Type field. On the Non-stock page, specify the nonstock product in the Product field. If the product already exists in the catalog, in inventory, or as an existing nonstock item, click Yes to use that product and its settings. If the Use Previous Non-Stock Settings option is selected in SA Operator Setup, the default product category from SA Administrator Options-Products-Defaults is assigned to the line. If there is no default product category, the product category from the most recent, active nonstock receipt is assigned. If there are no active nonstock receipts in Product Adjust Non-stock/Direct Order Entry, the product category from the most recent, inactive receipt is assigned. If the product is available in the ordering warehouse, or is an active nonstock that is set up in Product Adjust Non-stock/Direct Order Entry, and the Allow Non Stock Qty Ship Override option is selected in SA Operator Setup, you can force ship the available quantity to fill this order. If the product is available in another warehouse, you are notified that nonstock surplus exists in another warehouse. You can then tie this order to a warehouse transfer. If you use the existing settings, and surplus stock or nonstock product is available in other warehouses, an additional notification about surplus availability is displayed. You can change the warehouse to obtain the item from the other warehouse. Specify a product description and a product category. The product description is included on orders, invoices, and pick tickets. To source the product from a vendor, specify the vendor and product line. If you entered a quote order and plan to copy it to a direct order, you must specify a vendor. Otherwise, specify a warehouse in the next step. If you do not specify a vendor or warehouse, the nonstock line on the quote order is not copied to the direct order. To source the product from another warehouse, specify the warehouse. Depending on the product, the Non-Stock Quantity Available and Stock Quantity Available for the warehouse is displayed on this page. Use the Product lookup to see the quantities that are available in other warehouses. If you entered a quote order and plan to copy it to a direct order, you must enter a warehouse. Otherwise, specify a vendor number in the previous step. If you do not enter a vendor or warehouse, the nonstock line on the quote order is not copied to the direct order. Optionally, select one of these values in the Item Type field: Review For Inventory Select this value if you expect frequent orders of the nonstock product and think it should be added to stocked inventory. An Event Manager trigger is created. It notifies someone in your organization to convert this item to stock and review it in future replenishment cycles. This value is available only if the Event Manager event is active. Create As OAN-NS Select this value to create the nonstock product as an order as needed-nonstock (OAN-NS) product. To make this value available, a valid value must be selected for Allow OAN-NS Stocking in OE for Catalog on your SA Operator Setup record. Create As Catalog Select this value to create a catalog product from this product. To make this value available, the Catalog Stocked option in SA Administrator Options-Products-Defaults-Sales Processing must be selected. If you selected Create As OAN-NS or Create As Catalog in the previous step, click Default Fields. Specify the unit, serial or lot control, and special price/costing values to include on the Product Catalog Setup or Product Setup record. Click Submit. Specify a cost and other pricing information. If you do not specify a cost, then the order cannot be invoice processed. If the product is associated with a Pricing and Discounting record, you can adjust the price level on the Pricing view. This applies to all price levels. Optionally, select these options: Back Order Select this option to automatically create a back order when the shipped quantity is less than the ordered quantity. If Allow Back Order is not selected on the customer record, this message is displayed when you exit the Non-Stock page: Non-Stock Product; No Back Order Scheduled; Adjusted if Exists. You must then clear the Back Order option in the Nonstock page or the Extended Fields section on the Order Entry Advanced Line Entry page. Create Purchase Order If you specified a vendor in a previous step, select this option to create a purchase order for the product. To make this value available, a valid value must be selected for PO/WT Ties on your SA Operator Setup record. You cannot create a sourcing purchase order for a vendor or a vendor ship from that does not allow purchase orders. Rush Select this option to expedite the product. You can specify a rush amount in the Extended Fields section. Copy Comments Select this option to copy comments from the sales order line to the source document. NCNR Select this option if the nonstock is non-cancellable, non-returnable product. Complete the remaining applicable fields, and then click Submit. Specify the quantity, and verify the unit and price. To tie the line a PO or WT, click Sourcing. Select the product source. Specify or make changes to the related product source information. Click Submit. Click Add to add the line to the order. If the source document was created, the number is displayed. If the line is tied to a purchase order or transfer, the number of the source document is displayed. Complete the order. If you add additional nonstock products to the order, the default settings for the previous nonstock product on the order are displayed. This feature is not available if No is selected for Use Previous Non-Stock Settings on your SA Operator Setup record. Select Sales > Entry > Order. Create or maintain an order. In Advanced Line Entry, select Non-Stock in the Line Type field. On the Non-stock page, specify the nonstock product in the Product field. If the product already exists in the catalog, in inventory, or as an existing nonstock item, click Yes to use that product and its settings. If the Use Previous Non-Stock Settings option is selected in SA Operator Setup, the default product category from SA Administrator Options-Products-Defaults is assigned to the line. If there is no default product category, the product category from the most recent, active nonstock receipt is assigned. If there are no active nonstock receipts in Product Adjust Non-stock/Direct Order Entry, the product category from the most recent, inactive receipt is assigned. If the product is available in the ordering warehouse, or is an active nonstock that is set up in Product Adjust Non-stock/Direct Order Entry, and the Allow Non Stock Qty Ship Override option is selected in SA Operator Setup, you can force ship the available quantity to fill this order. If the product is available in another warehouse, you are notified that nonstock surplus exists in another warehouse. You can then tie this order to a warehouse transfer. If you use the existing settings, and surplus stock or nonstock product is available in other warehouses, an additional notification about surplus availability is displayed. You can change the warehouse to obtain the item from the other warehouse. Specify a product description and a product category. The product description is included on orders, invoices, and pick tickets. To source the product from a vendor, specify the vendor and product line. If you entered a quote order and plan to copy it to a direct order, you must specify a vendor. Otherwise, specify a warehouse in the next step. If you do not specify a vendor or warehouse, the nonstock line on the quote order is not copied to the direct order. To source the product from another warehouse, specify the warehouse. Depending on the product, the Non-Stock Quantity Available and Stock Quantity Available for the warehouse is displayed on this page. Use the Product lookup to see the quantities that are available in other warehouses. If you entered a quote order and plan to copy it to a direct order, you must enter a warehouse. Otherwise, specify a vendor number in the previous step. If you do not enter a vendor or warehouse, the nonstock line on the quote order is not copied to the direct order. Optionally, select one of these values in the Item Type field: Review For Inventory Select this value if you expect frequent orders of the nonstock product and think it should be added to stocked inventory. An Event Manager trigger is created. It notifies someone in your organization to convert this item to stock and review it in future replenishment cycles. This value is available only if the Event Manager event is active. Create As OAN-NS Select this value to create the nonstock product as an order as needed-nonstock (OAN-NS) product. To make this value available, a valid value must be selected for Allow OAN-NS Stocking in OE for Catalog on your SA Operator Setup record. Create As Catalog Select this value to create a catalog product from this product. To make this value available, the Catalog Stocked option in SA Administrator Options-Products-Defaults-Sales Processing must be selected. If you selected Create As OAN-NS or Create As Catalog in the previous step, click Default Fields. Specify the unit, serial or lot control, and special price/costing values to include on the Product Catalog Setup or Product Setup record. Click Submit. Specify a cost and other pricing information. If you do not specify a cost, then the order cannot be invoice processed. If the product is associated with a Pricing and Discounting record, you can adjust the price level on the Pricing view. This applies to all price levels. Optionally, select these options: Back Order Select this option to automatically create a back order when the shipped quantity is less than the ordered quantity. If Allow Back Order is not selected on the customer record, this message is displayed when you exit the Non-Stock page: Non-Stock Product; No Back Order Scheduled; Adjusted if Exists. You must then clear the Back Order option in the Nonstock page or the Extended Fields section on the Order Entry Advanced Line Entry page. Create Purchase Order If you specified a vendor in a previous step, select this option to create a purchase order for the product. To make this value available, a valid value must be selected for PO/WT Ties on your SA Operator Setup record. You cannot create a sourcing purchase order for a vendor or a vendor ship from that does not allow purchase orders. Rush Select this option to expedite the product. You can specify a rush amount in the Extended Fields section. Copy Comments Select this option to copy comments from the sales order line to the source document. NCNR Select this option if the nonstock is non-cancellable, non-returnable product. Complete the remaining applicable fields, and then click Submit. Specify the quantity, and verify the unit and price. To tie the line a PO or WT, click Sourcing. Select the product source. Specify or make changes to the related product source information. Click Submit. Click Add to add the line to the order. If the source document was created, the number is displayed. If the line is tied to a purchase order or transfer, the number of the source document is displayed. Complete the order. If you add additional nonstock products to the order, the default settings for the previous nonstock product on the order are displayed. This feature is not available if No is selected for Use Previous Non-Stock Settings on your SA Operator Setup record.",06_Enter a Non-Stock Product on an Order,https://scottelectricusa.uap.infor.com/#/content/f97aa974-919d-4d99-9636-744790f472cc?contextId=a1856482-743b-42ae-9935-0b1dd402a198,No,SE,Distro,Sales,,outputs/faq,LineEnt2_FAQ.html,FAQ & Tips,,,
SE_SLS_Enter_line_Opt2_251203_1402.pptx,48,S999. You have successfully completed this SOP,S999. You have successfully completed this SOP,S999,You have successfully completed this SOP,/images/LineEnt2/S999.png,,,,,You have successfully completed this SOP,,,,,S999. You have successfully completed this SOP â€” Congratulations you have now traversed all the possible paths for this SOP of port to sales order While it is good that you've traversed all the paths what you need to do is to practice and become efficient and be able to translate your current work to the new system Have a nice day,,,No,SE,Distro,Sales,,,,,outputs/quiz,LineEnt2_Quiz.html,Knowledge Check
